name,slug,description,shortDescription,category,link,featured,difficulty,score,tier,bestFor,tags
ChatGPT,chatgpt,"Advanced conversational AI trained to follow instructions and provide detailed responses for writing, coding, and nuanced conversation.","Advanced conversational AI for writing, coding & more",text-writing,https://chat.openai.com,True,Beginner,98,core,"Anyone needing a versatile, general-purpose AI assistant.","trending, smart, conversational"
Midjourney,midjourney,Generative AI program that creates stunning images from natural language descriptions with distinct artistic styles.,Create stunning AI art from text descriptions,image-generation,https://midjourney.com,True,Intermediate,96,core,"Designers, artists, and marketers who want photorealistic or artistic images.","trending, creative, design"
GitHub Copilot,github-copilot,"AI-powered code completion tool developed by GitHub and OpenAI, suggesting code and functions in real-time in your editor.",AI pair programmer that helps you write code faster,code-dev,https://github.com/features/copilot,True,Beginner,94,core,Developers wanting to eliminate boilerplate coding tasks.,"coding, fast"
Runway ML,runway-ml,"Creative AI platform providing tools for video generation, image editing, and motion tracking for visual effects workflows.",AI-powered video generation and creative tools,video-audio,https://runwayml.com,True,Intermediate,91,core,Filmmakers and social media creators looking for cutting-edge video FX.,"video, magic"
Notion AI,notion-ai,"AI supercharging the Notion workspace with writing assistance, summarization, brainstorming, and action item extraction.","AI-powered workspace for notes, docs & projects",productivity,https://notion.so/product/ai,False,Beginner,88,core,Teams and individuals already using Notion for their wiki or tasks.,"fast, docs"
Perplexity AI,perplexity-ai,"AI-powered research and search engine providing cited, accurate answers by synthesizing information from across the web.",AI search engine with real-time cited answers,research,https://perplexity.ai,True,Beginner,95,core,"Researchers, students, and professionals needing verified facts quickly.","smart, real-time"
Figma AI,figma-ai,AI integrated directly into Figma for enhanced UI/UX prototyping through generative layouts and content suggestions.,AI-enhanced design tool for UI/UX workflows,design,https://figma.com,False,Intermediate,85,core,UI/UX designers looking to speed up wireframing and prototyping.,"design, workflow"
Julius AI,julius-ai,"Powerful data analysis tool letting you analyze data using natural language, auto-generating charts and Python scripts.",Natural language data analysis and visualization,data-analytics,https://julius.ai,False,Intermediate,87,core,"Marketers, analysts, and students who need data insights without writing code.","data, smart"
Claude,claude,"Anthropic's advanced AI assistant known for safety, helpfulness, nuanced understanding, and an enormous context window for large documents.",Safe & helpful AI assistant with large context window,text-writing,https://claude.ai,True,Beginner,97,core,"Writers, coders, and professionals who need to process massive documents.","trending, writing, smart"
DALL·E 3,dall-e-3,"OpenAI image generator producing highly detailed and accurate images from text descriptions, integrated within ChatGPT.",Advanced text-to-image AI with precise prompt understanding,image-generation,https://openai.com/dall-e-3,False,Beginner,92,core,"Casual users and marketers needing quick, highly specific illustrations.","magic, design"
Cursor,cursor,"AI-first code editor with codebase-aware chat, inline editing, multi-file refactoring, and bug detection built into a VS Code fork.",AI-first code editor for modern development,code-dev,https://cursor.sh,True,Intermediate,96,core,Software engineers looking for the next evolution of Copilot.,"trending, coding, fast"
ElevenLabs,elevenlabs,"Leading AI voice platform creating ultra-realistic text-to-speech with nuanced inflections, voice cloning, and emotion control.",Ultra-realistic AI voice generation & cloning,video-audio,https://elevenlabs.io,False,Beginner,90,core,"Content creators, game devs, and authors needing high-end synthetic voices.","audio, magic"
Jasper,jasper,"AI content creation platform for marketing teams with brand voice training, campaign management, and SEO optimization.",AI marketing content creation platform,text-writing,https://jasper.ai,False,Intermediate,83,core,Marketing teams and agencies managing multiple campaigns and brand voices.,"marketing, writing"
Stable Diffusion,stable-diffusion,"Open-source AI image generation model that can run locally, supporting text-to-image, img2img, and ControlNet pipelines.",Open-source AI image generation you can run locally,image-generation,https://stability.ai,False,Advanced,89,core,Technical artists and developers wanting absolute control over generation.,"open-source, design, technical"
Gamma,gamma,AI-powered presentation and document tool transforming ideas into polished presentations through iterative chats and templates.,AI-powered presentations & documents in seconds,productivity,https://gamma.app,False,Beginner,86,core,"Founders, sales teams, and students needing gorgeous slide decks fast.","fast, presentations"
Suno AI,suno-ai,Music generation platform creating original songs complete with vocals and instrumentation from simple text prompts.,Generate complete original songs with AI,video-audio,https://suno.ai,False,Beginner,93,core,"Musicians prototyping ideas, marketers needing royalty-free music.","audio, trending, magic"
Raycast AI,raycast-ai,Blazingly fast macOS launcher with native AI integration for querying LLMs instantly from any screen via global hotkey.,Ultra-fast macOS launcher with native AI integration,productivity,https://raycast.com,False,Beginner,95,curated,macOS power users and developers.,"fast, workflow"
Mem,mem,"Minimalist notes app using AI to automatically organize your workspace, connecting related thoughts without folders or tags.",AI-powered workspace that organizes itself,productivity,https://mem.ai,False,Intermediate,87,curated,People who take scattered notes and hate organizing them.,"smart, docs"
Otter.ai,otter-ai,"AI meeting assistant that records audio, writes notes, captures slides, and generates summaries for Zoom, Meet, and Teams calls.",AI meeting assistant and live transcription,productivity,https://otter.ai,False,Beginner,89,curated,Professionals and students who attend numerous meetings or lectures.,"conversational, fast"
Arc Max,arc-max,"Suite of AI features built into the Arc Browser for automatic tab renaming, page summarization, and chatting with page contents.",The browser that thinks with you,productivity,https://arc.net/max,False,Beginner,93,curated,"Designers, developers, and power users who live inside their web browser.","real-time, fast"
Photoroom,photoroom,Lightning-fast AI photo editing specializing in instant background removal and studio-quality product background generation.,Instant AI background removal & product photography,design,https://photoroom.com,False,Beginner,91,curated,E-commerce sellers and social media marketers.,"e-commerce, magic"
Magnific AI,magnific-ai,"Advanced AI image upscaler that hallucinates highly realistic details, completely reimagining low-res imagery rather than just enlarging pixels.",The most advanced AI image upscaler & enhancer,image-generation,https://magnific.ai,False,Intermediate,88,curated,"Professional artists, 3D designers, and high-end AI creators.","magic, design"
Canva Magic Studio,canva-magic-studio,"Massive suite of AI tools integrated into Canva including Magic Switch, Magic Media, Magic Edit, and Magic Write for rapid design.",All-in-one AI design tools for everybody,design,https://canva.com/magic,True,Beginner,96,curated,"Small business owners, marketers, and non-designers.","design, fast"
Krea,krea-ai,Real-time AI generation portal letting you draw shapes or upload webcam feeds and watch AI render photorealistic imagery instantly.,Real-time AI rendering and generation,image-generation,https://krea.ai,False,Intermediate,92,curated,"Digital artists, concept artists, and live visual performers.","real-time, magic"
v0 by Vercel,v0-vercel,Generative UI system by Vercel generating React and Tailwind CSS components from text descriptions with live preview.,Generative UI for React & Tailwind,code-dev,https://v0.dev,True,Intermediate,97,curated,Frontend developers and designers looking to speed up prototyping.,"coding, design"
Phind,phind,"Intelligent search engine tailored for developers, providing long-form technical answers with code snippets from current documentation.",The AI search engine for developers,code-dev,https://phind.com,False,Beginner,94,curated,Full-stack developers debugging active issues.,"coding, smart"
Warp,warp-terminal,"Blazingly fast Rust-based terminal with natural language to bash conversion, block-based outputs, and collaborative terminals.",Modern Rust-based terminal with AI built-in,code-dev,https://warp.dev,False,Intermediate,90,curated,Developers seeking a massive UX upgrade from standard Terminal.,"technical, fast"
Copy.ai,copy-ai,"AI platform for marketing copy, sales outreach, and blog posts with workflow automation and brand voice training for GTM teams.",AI workflows for Go-To-Market and sales teams,text-writing,https://copy.ai,False,Intermediate,85,curated,"Sales teams, marketing agencies, and growth hackers.","marketing, writing"
QuillBot,quillbot,"Heavy-duty paraphrasing tool reshaping, summarizing, and altering tone of existing text with synonym sliders and grammar checking.",Advanced paraphrasing and summarizing tool,text-writing,https://quillbot.com,False,Beginner,86,curated,"Students, academics, and non-native English speakers.","writing, fast"
Descript,descript,Paradigm-shifting video and audio editor that transcribes media into a script so you edit video by editing text.,Edit video and audio as easily as text,video-audio,https://descript.com,True,Intermediate,95,curated,"Podcasters, YouTubers, and content marketers.","video, audio"
HeyGen,heygen,Creates highly realistic AI avatars and videos from typed scripts with photorealistic lip-sync and voice cloning.,AI video generation with photorealistic avatars,video-audio,https://heygen.com,False,Beginner,89,curated,"Corporate communications, training coordinators, and outbound sales.","marketing, video"
Consensus,consensus,AI search engine built to answer questions exclusively using peer-reviewed research papers with 200M+ papers indexed.,Evidence-based AI search engine for research,research,https://consensus.app,False,Beginner,92,curated,"Doctors, students, researchers, and rigorous fact-checkers.","academic, smart"
Browse AI,browse-ai,No-code web scraping platform where you record yourself clicking a website to train an AI robot for data extraction.,No-code web scraping and data extraction,data-analytics,https://browse.ai,False,Intermediate,84,curated,"Data analysts, sales teams building lists, and growth marketers.","data, technical"
Adobe Firefly,adobe-firefly,"Adobe's generative AI tool built directly into Creative Cloud apps for text-to-image generation, generative fill, and text effects.",Generative AI built into Adobe Creative Cloud,image-generation,https://firefly.adobe.com,True,Beginner,93,core,Creative professionals already in the Adobe ecosystem.,"design, creative"
Gemini,google-gemini,"Google's flagship multimodal AI assistant capable of reasoning across text, images, video, audio, and code.",Google's multimodal AI assistant,text-writing,https://gemini.google.com,True,Beginner,94,core,Users integrated in Google Workspace looking for a smart AI companion.,"trending, smart, conversational"
Mistral,mistral-ai,Efficient open-source LLM from a French AI startup known for punching above its weight class on reasoning tasks.,Efficient open-source large language model,text-writing,https://mistral.ai,False,Advanced,88,core,Developers and researchers who want a powerful self-hosted LLM.,"open-source, smart"
Llama 3,meta-llama,"Meta's open-source large language model family, freely available for research and commercial use with strong reasoning capabilities.",Meta's open-source LLM for developers,text-writing,https://llama.meta.com,False,Advanced,90,core,"Developers and researchers wanting a free, self-hosted AI backbone.","open-source, technical"
Bolt.new,bolt-new,"StackBlitz's in-browser AI coding assistant that can scaffold, run, and deploy full-stack web apps from a single prompt.",Full-stack AI app builder in the browser,code-dev,https://bolt.new,True,Intermediate,95,core,Developers and entrepreneurs wanting to ship MVPs extremely fast.,"trending, coding, fast"
Lovable,lovable,"AI-powered web app builder that generates full-stack React apps from natural language, with Supabase integration.",Generate full-stack apps with natural language,code-dev,https://lovable.dev,True,Beginner,93,core,Non-technical founders and designers who want to ship functional products.,"trending, coding"
Replit AI,replit-ai,"AI-powered coding environment in the browser with code generation, debugging, and instant deployment built in.",AI-powered browser IDE with instant deployment,code-dev,https://replit.com,False,Beginner,89,core,Students and beginners learning to code or prototyping quickly.,"coding, fast"
Windsurf,windsurf,Codeium's AI-first IDE with agentic Cascade flow that can autonomously navigate and edit codebases over multiple steps.,Agentic AI IDE by Codeium,code-dev,https://codeium.com/windsurf,False,Intermediate,91,core,Engineers who want deep agentic AI assistance in their editor.,"coding, technical"
Tabnine,tabnine,"AI code completion tool that can run entirely locally, keeping code private while providing intelligent suggestions.",Privacy-first AI code completion,code-dev,https://tabnine.com,False,Beginner,85,core,Enterprise teams with strict data privacy requirements.,"coding, technical"
Amazon CodeWhisperer,codewhisperer,AWS's AI coding assistant integrated with AWS services for cloud-aware code suggestions and security scanning.,AWS-integrated AI coding assistant,code-dev,https://aws.amazon.com/codewhisperer,False,Intermediate,83,core,Teams building heavily on AWS infrastructure.,"coding, technical"
Grok,grok-xai,"xAI's AI assistant integrated into X (Twitter) with real-time web access and a rebellious, less filtered personality.",Real-time AI assistant inside X (Twitter),text-writing,https://grok.x.ai,False,Beginner,85,core,Twitter/X power users who want AI integrated in their social feed.,"trending, smart, real-time"
DeepSeek,deepseek,Chinese open-source AI model that shocked the world with GPT-4-level reasoning at a fraction of the training cost.,High-performance open-source reasoning model,text-writing,https://deepseek.com,False,Intermediate,91,core,Developers and researchers looking for a high-capability open model.,"trending, smart, open-source"
Cohere,cohere,"Enterprise AI platform specializing in text generation, summarization, and semantic search APIs for businesses.",Enterprise NLP APIs for text and search,text-writing,https://cohere.com,False,Advanced,84,core,Enterprise developers building NLP-powered products.,"technical, smart"
Writer,writer-ai,"Enterprise AI writing platform with brand voice training, AI guardrails, and workflow automation for marketing and content teams.",Enterprise AI writing platform with brand controls,text-writing,https://writer.com,False,Intermediate,82,core,Large marketing teams needing consistent brand voice at scale.,"writing, marketing"
Sudowrite,sudowrite,"AI writing tool specifically crafted for fiction writers, offering story expansion, describe tools, and prose rewrites.",AI writing assistant built for fiction authors,text-writing,https://sudowrite.com,False,Beginner,84,curated,"Novelists, screenwriters, and creative fiction writers.","writing, creative"
Wordtune,wordtune,"AI writing companion that rewrites and rephrases sentences to improve clarity, tone, and style in real time.",AI sentence rewriter for clearer writing,text-writing,https://wordtune.com,False,Beginner,83,curated,Professionals and students wanting to improve their writing style.,"writing, fast"
Grammarly,grammarly,"AI writing assistant checking grammar, spelling, tone, clarity, and style across all platforms via browser extension.",AI grammar and style writing assistant,text-writing,https://grammarly.com,False,Beginner,89,core,Anyone who writes professionally and wants to eliminate errors.,"writing, fast"
Hemingway Editor,hemingway-editor,"Writing tool that highlights complex sentences, adverbs, and passive voice to enforce clear, bold Hemingway-style prose.","Writing clarity checker for bold, clean prose",text-writing,https://hemingwayapp.com,False,Beginner,80,curated,"Bloggers and journalists aiming for concise, readable writing.",writing
Ink for All,ink-for-all,"SEO-focused AI writing platform with real-time SEO scoring, keyword optimization, and content brief generation.",AI writing with real-time SEO optimization,text-writing,https://inkforall.com,False,Intermediate,78,curated,SEO writers and content marketers optimizing for search rankings.,"writing, marketing"
Pika Labs,pika-labs,AI video generation platform creating cinematic video clips from text and image prompts with motion control.,Text and image to video generation,video-audio,https://pika.art,False,Beginner,88,core,Marketers and creators who need short cinematic AI video clips.,"video, creative"
Kling AI,kling-ai,"Chinese AI video generator from Kuaishou creating high-quality, realistic video from text prompts with strong physics simulation.",High-quality AI video generation from text,video-audio,https://klingai.com,False,Intermediate,90,core,"Content creators needing high-fidelity, physics-accurate video clips.","video, magic"
Luma AI,luma-ai,AI 3D capture and video generation tool with Dream Machine for text-to-video and photorealistic NeRF scene capture.,AI 3D capture and dream machine video generation,video-audio,https://lumalabs.ai,False,Intermediate,89,core,"3D artists, product designers, and video creators.","video, creative, technical"
Synthesia,synthesia,AI video creation platform with 230+ AI avatars for generating professional training and communications videos.,AI avatar video creation for enterprise,video-audio,https://synthesia.io,False,Beginner,88,core,L&D teams and HR departments creating training and onboarding videos.,"video, marketing"
D-ID,d-id,"AI platform that animates still photos into talking videos with lip-sync and voice, ideal for personalized video outreach.",Animate still photos into talking AI videos,video-audio,https://d-id.com,False,Beginner,84,curated,Sales teams and marketers creating personalized video messages.,"video, magic"
Opus Clip,opus-clip,"AI tool that automatically clips long-form videos into viral short-form content with captions, hooks, and emojis.",AI-powered short clip creator from long videos,video-audio,https://opus.pro,False,Beginner,91,curated,"YouTubers, podcasters, and content creators repurposing long-form content.","video, fast"
Captions.ai,captions-ai,"AI video editing app adding animated captions, eye contact correction, and filler word removal to talking head videos.",AI captions and video enhancement for creators,video-audio,https://captions.ai,False,Beginner,87,curated,TikTok and Instagram creators making talking-head video content.,"video, fast"
Murf AI,murf-ai,"AI voice generator and studio with 200+ realistic voices, pitch control, and background music for voiceovers.",Professional AI voiceover studio,video-audio,https://murf.ai,False,Beginner,86,curated,"E-learning creators, advertisers, and explainer video makers.","audio, fast"
Podcastle,podcastle,AI-powered podcast recording and editing platform with magic dust audio enhancement and AI voice cloning.,AI podcast recording and editing suite,video-audio,https://podcastle.ai,False,Beginner,84,curated,Podcasters who want professional audio quality without expensive equipment.,audio
Adobe Podcast,adobe-podcast,Adobe's AI audio tool featuring Enhance Speech that removes background noise and makes any microphone sound studio-quality.,AI audio enhancement for clear podcast audio,video-audio,https://podcast.adobe.com,False,Beginner,88,curated,Podcasters and presenters recording in imperfect acoustic environments.,"audio, magic"
Udio,udio,"AI music generation platform creating high-fidelity, genre-specific music tracks with custom lyrics from text prompts.",High-fidelity AI music and song generation,video-audio,https://udio.com,False,Beginner,91,curated,"Musicians, content creators, and filmmakers needing custom soundtracks.","audio, creative"
Beatoven.ai,beatoven-ai,"AI music composer that generates royalty-free background music tailored to your video mood, genre, and duration.",Royalty-free AI background music generator,video-audio,https://beatoven.ai,False,Beginner,82,curated,Video editors and content creators needing copyright-safe background music.,audio
Stable Audio,stable-audio,Stability AI's generative audio model for creating high-quality sound effects and music from detailed text prompts.,AI sound effects and music from Stability AI,video-audio,https://stability.ai/stable-audio,False,Beginner,85,curated,Sound designers and content creators needing bespoke audio assets.,"audio, open-source"
Whisk,google-whisk,"Google's experimental image generation tool that lets you remix subjects, scenes, and styles from reference images.",Remix images with subject and style control,image-generation,https://labs.google/whisk,False,Beginner,84,curated,Creative explorers who want to blend visual concepts from reference photos.,"design, creative"
Ideogram,ideogram,"AI image generator that excels at generating accurate text within images, perfect for logos, posters, and typography.",AI image generation with accurate text rendering,image-generation,https://ideogram.ai,False,Beginner,89,core,"Designers who need AI images containing legible, custom text.","design, creative"
Leonardo AI,leonardo-ai,"AI art generation platform with model fine-tuning, real-time canvas, and motion video tools for game and concept art.",AI art generation for game and concept artists,image-generation,https://leonardo.ai,False,Intermediate,90,core,"Game developers, concept artists, and world-builders.","design, creative, technical"
Flux,flux-ai,Black Forest Labs' open-source image generation model known for photorealistic quality and exceptional prompt adherence.,Photorealistic open-source image generation,image-generation,https://blackforestlabs.ai,False,Intermediate,92,core,AI artists and developers who want state-of-the-art open model quality.,"open-source, design, technical"
Adobe Express,adobe-express,"Adobe's simplified design tool with AI-powered features for quick creation of social posts, logos, and marketing materials.",Quick AI-powered social and marketing design,design,https://adobe.com/express,False,Beginner,84,curated,Small businesses and social media managers needing fast branded content.,"design, fast"
Looka,looka,AI-powered brand and logo maker that generates professional logos and complete brand kits from style preferences.,AI logo and brand identity generator,design,https://looka.com,False,Beginner,82,curated,Entrepreneurs and startups creating their brand identity from scratch.,design
Brandmark,brandmark,"AI logo design tool that generates unique, professional logos with color palettes, fonts, and brand guidelines.",AI-generated logos with full brand guidelines,design,https://brandmark.io,False,Beginner,80,curated,Solo founders and small businesses needing an affordable professional logo.,design
Uizard,uizard,"AI-powered UI design tool turning wireframe sketches, screenshots, and text prompts into editable app prototypes.",AI UI prototyping from sketches and text,design,https://uizard.io,False,Beginner,83,curated,Product managers and non-designers who need rapid UI mockups.,"design, coding"
Framer AI,framer-ai,AI-powered web design and publishing platform that generates entire website layouts from text prompts and publishes instantly.,AI website generation and publishing,design,https://framer.com,False,Intermediate,88,curated,Designers and founders who want beautiful published websites without coding.,"design, fast"
Relume,relume,AI tool that generates Webflow and Figma website sitemaps and wireframes from a single text brief in minutes.,AI sitemap and wireframe generation for Webflow,design,https://relume.io,False,Intermediate,85,curated,Web designers and agencies using Webflow who need rapid project scoping.,"design, fast"
Beautiful.ai,beautiful-ai,Presentation design platform with AI-powered smart slides that automatically adjust layout as you add content.,AI-powered smart slide presentations,productivity,https://beautiful.ai,False,Beginner,84,curated,Business professionals who need polished slides without design skills.,"presentations, fast"
Tome,tome-ai,AI-powered narrative presentation tool blending slide decks and scrollable documents with generative content.,AI narrative presentations and storytelling,productivity,https://tome.app,False,Beginner,83,curated,Founders and PMs who want to tell a compelling story with their data.,"presentations, creative"
Slides AI,slides-ai,Google Slides add-on that generates full presentation decks from a text prompt directly inside Google Workspace.,AI presentation generator inside Google Slides,productivity,https://slidesai.io,False,Beginner,78,curated,Google Workspace users wanting instant AI presentations without leaving Slides.,"presentations, fast"
Taskade,taskade,"AI-powered project management and task automation tool with built-in AI agents for research, writing, and workflows.",AI-powered project management with AI agents,productivity,https://taskade.com,False,Beginner,83,curated,Remote teams and individuals wanting smart project planning and execution.,"workflow, smart"
ClickUp AI,clickup-ai,AI writing and summarization features built into ClickUp project management for faster task creation and meeting summaries.,AI assistant inside ClickUp project management,productivity,https://clickup.com/ai,False,Beginner,82,curated,ClickUp users wanting AI-powered task management in their existing workflow.,"workflow, fast"
Motion,motion-ai,"AI scheduling app that automatically plans your day by intelligently scheduling tasks, meetings, and deep work blocks.",AI calendar and task scheduler for deep work,productivity,https://usemotion.com,False,Beginner,87,curated,Busy professionals with many tasks and meetings who struggle with time management.,"workflow, fast"
Reclaim.ai,reclaim-ai,"AI scheduling assistant that automatically finds the best time for tasks, habits, and meetings in Google Calendar.",AI scheduling optimization for Google Calendar,productivity,https://reclaim.ai,False,Beginner,85,curated,Knowledge workers who use Google Calendar and want smarter scheduling.,"workflow, fast"
Zapier AI,zapier-ai,AI-powered automation platform connecting 6000+ apps with natural language workflow creation and AI actions.,AI-powered automation for 6000+ app integrations,productivity,https://zapier.com/ai,False,Intermediate,88,core,Business owners and teams wanting to automate repetitive workflows without code.,"workflow, technical"
Make,make-ai,Visual automation platform (formerly Integromat) for building complex multi-step workflows with AI module support.,Visual no-code automation and workflow builder,productivity,https://make.com,False,Intermediate,87,core,Power users who need more control and logic than Zapier provides.,"workflow, technical"
n8n,n8n,"Open-source workflow automation tool with self-hosting option, AI integrations, and a powerful visual node editor.",Open-source self-hosted workflow automation,productivity,https://n8n.io,False,Advanced,89,core,Technical users who want full control over their automation infrastructure.,"open-source, workflow, technical"
Langchain,langchain,"Open-source framework for building LLM-powered applications with chains, agents, memory, and tool-use capabilities.",Framework for building LLM-powered AI apps,code-dev,https://langchain.com,False,Advanced,88,core,AI engineers building production-ready LLM applications and agents.,"technical, open-source, coding"
LlamaIndex,llamaindex,"Data framework for connecting custom data sources to LLMs, enabling retrieval-augmented generation (RAG) pipelines.",RAG framework for connecting data to LLMs,code-dev,https://llamaindex.ai,False,Advanced,86,core,AI developers building custom knowledge bases and document Q&A systems.,"technical, open-source, coding"
Hugging Face,hugging-face,"The GitHub of AI—a platform hosting 100k+ open-source models, datasets, and Spaces for AI app demos.",Open-source AI model hub and community,research,https://huggingface.co,False,Advanced,95,core,"AI researchers and developers accessing, sharing, and deploying ML models.","open-source, technical, smart"
Together AI,together-ai,"Cloud inference platform for running open-source models at high speed with a simple API, often cheaper than OpenAI.",Fast cloud API for open-source AI models,code-dev,https://together.ai,False,Advanced,84,curated,Developers wanting to deploy open-source LLMs affordably and at scale.,"technical, fast"
Groq,groq,AI inference hardware and API company delivering the world's fastest LLM token generation speeds via LPU chips.,Ultra-fast LLM inference with LPU hardware,code-dev,https://groq.com,False,Advanced,88,curated,Developers needing the absolute fastest inference for real-time AI applications.,"technical, fast"
Replicate,replicate,"Cloud platform for running AI models in one API call, covering image, video, audio, and text generation models.",Run any AI model via a single cloud API,code-dev,https://replicate.com,False,Intermediate,87,curated,Developers who want to experiment with many AI models without managing infra.,"technical, coding"
Pinecone,pinecone,Managed vector database built for storing and querying AI embeddings at scale for semantic search and RAG applications.,Managed vector database for AI applications,data-analytics,https://pinecone.io,False,Advanced,86,core,AI engineers building semantic search and RAG systems at scale.,"technical, data"
Weaviate,weaviate,Open-source vector database with hybrid search and built-in ML model integrations for AI-native applications.,Open-source vector database with hybrid search,data-analytics,https://weaviate.io,False,Advanced,84,core,Developers building AI search applications who want open-source control.,"open-source, technical, data"
Chroma,chroma,Open-source embedding database designed for rapid prototyping of AI applications with simple Python and JavaScript SDKs.,Lightweight open-source embedding database,data-analytics,https://trychroma.com,False,Intermediate,82,curated,Developers quickly prototyping RAG systems and AI document search.,"open-source, technical"
Weights & Biases,wandb,"MLOps platform for tracking, visualizing, and comparing ML model training runs with experiment management tools.",ML experiment tracking and model management,data-analytics,https://wandb.ai,False,Advanced,88,core,ML engineers and data scientists tracking model training experiments.,"technical, data"
DataRobot,datarobot,Enterprise AutoML platform automating the end-to-end machine learning lifecycle from data prep to model deployment.,Enterprise AutoML and MLOps platform,data-analytics,https://datarobot.com,False,Advanced,83,core,Enterprise data science teams accelerating ML model development.,"technical, data"
Obviously AI,obviously-ai,No-code ML platform that builds and deploys predictive models from spreadsheet data in under a minute.,No-code predictive ML for business analysts,data-analytics,https://obviously.ai,False,Beginner,79,curated,Business analysts who want predictive modeling without data science expertise.,"data, fast"
Tableau AI,tableau-ai,"Einstein AI features inside Tableau for auto-generating dashboards, natural language queries, and predictive analytics.",AI-powered business intelligence in Tableau,data-analytics,https://tableau.com,False,Intermediate,85,core,Business analysts using Tableau who want AI-assisted data storytelling.,"data, smart"
Power BI AI,power-bi-ai,"Microsoft's AI features in Power BI including Q&A natural language queries, AutoML, and key influencer analysis.",AI features inside Microsoft Power BI,data-analytics,https://powerbi.microsoft.com,False,Intermediate,84,core,Enterprises in the Microsoft ecosystem wanting AI-enhanced BI dashboards.,"data, smart"
Akkio,akkio,"No-code AI platform for business analysts to build predictive models, chat with data, and deploy AI workflows.",No-code AI predictions for business teams,data-analytics,https://akkio.com,False,Beginner,78,curated,Marketing and sales teams wanting AI-powered forecasting without a data scientist.,"data, fast"
Elicit,elicit,"AI research tool that automates literature review by summarizing papers, extracting data, and finding relevant studies.",AI research assistant for literature review,research,https://elicit.com,False,Beginner,88,core,Academic researchers and scientists conducting systematic literature reviews.,"academic, smart"
Semantic Scholar,semantic-scholar,AI-powered research tool from Allen Institute indexing 200M+ academic papers with AI-generated summaries and citation graphs.,AI-powered academic paper search and analysis,research,https://semanticscholar.org,False,Beginner,86,curated,Students and researchers navigating complex academic literature.,"academic, smart"
Research Rabbit,research-rabbit,Literature mapping tool that visualizes connections between academic papers and finds related research automatically.,Visual literature mapping for researchers,research,https://researchrabbit.ai,False,Beginner,85,curated,Graduate students and academics building comprehensive literature maps.,academic
Scite,scite,"Citation analysis tool that shows how papers cite each other, distinguishing supporting vs. contrasting evidence.",Citation context analysis for research papers,research,https://scite.ai,False,Intermediate,84,curated,Researchers evaluating the credibility and context of academic citations.,"academic, smart"
Genei,genei,AI-powered research and note-taking tool that summarizes PDFs and webpages and extracts key information automatically.,AI research summarization and note-taking,research,https://genei.io,False,Beginner,80,curated,Students and researchers processing large volumes of PDFs and articles.,"academic, fast"
ChatPDF,chatpdf,"Upload any PDF and have a conversation with it, getting instant answers and summaries from the document content.",Chat with any PDF using AI,research,https://chatpdf.com,False,Beginner,84,curated,Students and professionals who need to quickly extract info from long PDFs.,"fast, docs"
Humata,humata,"AI tool for instantly analyzing and answering questions from complex research papers, contracts, and technical documents.",AI Q&A for complex documents and contracts,research,https://humata.ai,False,Beginner,83,curated,"Legal professionals, researchers, and students parsing dense documents.","docs, smart"
Docusign AI,docusign-ai,"AI capabilities inside Docusign for contract review, obligation extraction, and intelligent agreement analysis.",AI contract review and analysis inside Docusign,research,https://docusign.com/ai,False,Intermediate,83,curated,Legal and contract teams who use Docusign and need faster contract review.,"docs, technical"
Khanmigo,khanmigo,Khan Academy's AI tutor powered by GPT-4 that guides students through problems with Socratic questioning.,AI tutor for personalized student learning,research,https://khanacademy.org/khanmigo,False,Beginner,86,curated,K-12 students and tutors wanting personalized AI-guided learning.,"academic, conversational"
Duolingo Max,duolingo-max,Duolingo's AI-powered tier with Roleplay conversations and Explain My Answer features powered by GPT-4.,AI-powered language learning with GPT-4,research,https://duolingo.com/max,False,Beginner,87,curated,Language learners who want conversational practice with AI feedback.,"conversational, smart"
Socratic,google-socratic,Google's AI learning app that scans handwritten homework and provides step-by-step visual explanations.,AI homework helper with visual explanations,research,https://socratic.org,False,Beginner,84,curated,High school and college students stuck on homework problems.,"academic, smart"
Dify,dify,"Open-source LLM app development platform for visually building, deploying, and managing AI agents and chatbots.",Open-source LLM app builder and deployment platform,code-dev,https://dify.ai,False,Intermediate,85,curated,Developers who want to build and deploy AI applications with a visual interface.,"open-source, technical, coding"
FlowiseAI,flowise-ai,Open-source drag-and-drop tool for building LLM flows and AI agents using LangChain components visually.,Visual no-code LLM flow builder,code-dev,https://flowiseai.com,False,Intermediate,83,curated,Developers who want LangChain complexity with a visual node-based editor.,"open-source, coding, technical"
Poe,poe-ai,"Quora's AI chatbot aggregator giving access to ChatGPT, Claude, Gemini, Llama, and other models in one interface.",Multi-model AI chatbot aggregator,text-writing,https://poe.com,False,Beginner,85,curated,Power users who want to compare and use multiple AI models in one place.,"conversational, smart"
You.com,you-com,"AI-powered search engine combining web search with AI answers, code generation, and image creation in one interface.",AI search engine with multi-modal generation,research,https://you.com,False,Beginner,83,curated,"Users who want a private, AI-enhanced alternative to Google search.","real-time, smart"
Brave Leo,brave-leo,"Built-in AI assistant in the Brave browser offering private, on-device AI answers and page summarization.",Private AI assistant built into Brave Browser,productivity,https://brave.com/leo,False,Beginner,81,curated,Privacy-conscious users who want AI built into their browser.,"fast, real-time"
Opera Aria,opera-aria,Opera browser's built-in AI assistant powered by ChatGPT and Claude for browsing assistance and chat.,AI assistant built into Opera browser,productivity,https://opera.com/features/aria,False,Beginner,79,curated,Opera users who want a browser-integrated AI without extensions.,"fast, conversational"
Microsoft Copilot,microsoft-copilot,"Microsoft's AI assistant integrated across Windows, Office 365, Teams, and Bing with GPT-4 and web search.",Microsoft's AI assistant across all its products,productivity,https://copilot.microsoft.com,True,Beginner,90,core,"Microsoft 365 users wanting AI woven into Word, Excel, Teams, and more.","trending, workflow, smart"
Copilot for Microsoft 365,m365-copilot,"Enterprise AI layer inside Word, Excel, PowerPoint, Teams, and Outlook powered by GPT-4 with business data context.","AI across Word, Excel, PowerPoint, Teams & Outlook",productivity,https://microsoft.com/microsoft-365/copilot,False,Intermediate,89,core,Enterprise teams wanting AI productivity gains across all Office apps.,"workflow, smart"
Google Workspace AI,google-workspace-ai,"Duet AI features across Google Docs, Sheets, Slides, Gmail, and Meet for writing, summarizing, and generating content.","AI across Google Docs, Sheets, Slides & Gmail",productivity,https://workspace.google.com/ai,False,Beginner,87,core,Teams using Google Workspace who want AI assistance without switching apps.,"workflow, fast"
Fireflies.ai,fireflies-ai,"AI meeting recorder that automatically joins calls to transcribe, summarize, and analyze conversations with CRM sync.",AI meeting recorder and notes with CRM sync,productivity,https://fireflies.ai,False,Beginner,88,curated,Sales teams and managers who need searchable meeting records and CRM updates.,"workflow, conversational"
Fathom,fathom-ai,"Free AI meeting notetaker for Zoom with highlight clipping, summary generation, and CRM integration.",Free AI Zoom meeting notes and highlights,productivity,https://fathom.video,False,Beginner,87,curated,Sales reps and consultants on Zoom who want automatic meeting summaries.,"fast, workflow"
Loom AI,loom-ai,"Async video messaging with AI features for automatic transcription, titling, filler word removal, and summary generation.",AI-enhanced async video messaging,video-audio,https://loom.com,False,Beginner,86,curated,Remote teams using async video communication and documentation.,"video, workflow"
Intercom Fin,intercom-fin,Intercom's AI customer support agent powered by GPT-4 that resolves complex support tickets instantly.,AI customer support agent for instant ticket resolution,productivity,https://intercom.com/fin,False,Intermediate,87,curated,SaaS companies wanting to deflect support tickets with accurate AI responses.,"workflow, smart"
Zendesk AI,zendesk-ai,"AI features in Zendesk including automated ticket categorization, suggested responses, and customer intent detection.",AI-powered customer service inside Zendesk,productivity,https://zendesk.com/ai,False,Intermediate,83,curated,Support teams using Zendesk who want to improve resolution speed.,workflow
Freshdesk AI,freshdesk-ai,"Freddy AI inside Freshdesk for automated ticket deflection, canned response suggestions, and customer sentiment analysis.",AI customer support inside Freshdesk,productivity,https://freshworks.com/freshdesk/ai,False,Intermediate,81,curated,SMB support teams using Freshdesk wanting AI-powered ticket automation.,workflow
Drift AI,drift-ai,"Conversational marketing platform with AI chatbots that qualify leads, book meetings, and personalize website experiences.",AI conversational marketing and lead qualification,productivity,https://drift.com,False,Intermediate,82,curated,B2B marketing teams wanting to capture and qualify leads 24/7 on their website.,"marketing, conversational"
Klaviyo AI,klaviyo-ai,"AI features in Klaviyo for predictive customer lifetime value, segment suggestions, and AI-generated email copy.",AI email marketing inside Klaviyo,text-writing,https://klaviyo.com/ai,False,Intermediate,82,curated,E-commerce brands using Klaviyo for personalized email marketing.,marketing
Surfer SEO,surfer-seo,AI content optimization tool analyzing top-ranking pages and guiding writers to improve on-page SEO scores in real time.,AI-driven on-page SEO content optimization,text-writing,https://surferseo.com,False,Intermediate,86,curated,SEO specialists and content marketers writing for search engine rankings.,"marketing, writing"
Frase,frase-io,"AI SEO research and writing tool that generates content briefs, outlines, and optimized articles from keyword queries.",AI content briefs and SEO writing assistant,text-writing,https://frase.io,False,Intermediate,82,curated,Content writers and SEO teams who need research-backed content at scale.,"writing, marketing"
Anyword,anyword,"Performance AI writing platform that predicts copy effectiveness scores for ads, emails, and landing pages before publishing.",AI copywriting with performance score predictions,text-writing,https://anyword.com,False,Intermediate,81,curated,Performance marketers who want to A/B test copy before spending ad budget.,"marketing, writing"
Hypotenuse AI,hypotenuse-ai,AI content generation platform specializing in e-commerce product descriptions and batch content creation at scale.,AI product descriptions for e-commerce at scale,text-writing,https://hypotenuse.ai,False,Intermediate,79,curated,E-commerce brands and agencies needing high-volume product content generation.,"writing, e-commerce"
Tome AI Copilot,tome-copilot,"AI research and writing assistant that generates research-backed content, citations, and data points for any topic.",AI research writing with automatic citations,research,https://tome.app,False,Beginner,82,curated,"Content teams and researchers who need cited, factual long-form content.","writing, academic"
Jenni AI,jenni-ai,"AI writing assistant tailored for academic papers and essays with autocomplete, citations, and paraphrase tools.",AI academic writing and paper assistant,text-writing,https://jenni.ai,False,Beginner,81,curated,Students and academics writing papers and dissertations.,"writing, academic"
AI21 Labs Jamba,ai21-jamba,AI21's hybrid SSM-Transformer model delivering long context processing with high efficiency and low inference cost.,Efficient hybrid LLM for long document processing,text-writing,https://ai21.com,False,Advanced,83,core,Enterprise developers needing efficient processing of very long documents.,"technical, smart"
Mistral Le Chat,le-chat,Mistral's free consumer chat interface providing access to their latest models with web search and image generation.,Mistral's free chat interface with web search,text-writing,https://mistral.ai/le-chat,False,Beginner,84,curated,"Users who want a fast, capable, and privacy-respecting ChatGPT alternative.","conversational, fast"
Pika 2.0,pika-2,Pika's updated video generation with Pikaffects for adding wild physical transformations to any video or image.,AI video generation with wild physical effects,video-audio,https://pika.art,False,Beginner,87,curated,"Social media creators who want viral, eye-catching AI video effects.","video, creative, magic"
Invideo AI,invideo-ai,"AI video creation platform turning text scripts into fully edited videos with stock footage, voiceover, and captions.",Text to fully edited video with AI,video-audio,https://invideo.io,False,Beginner,84,curated,Marketers and creators who want to produce faceless YouTube or social videos fast.,"video, fast"
Veed.io,veed-io,"Browser-based video editor with AI tools for automatic subtitles, noise removal, background removal, and eye contact correction.",Browser video editor with AI subtitle and enhancement tools,video-audio,https://veed.io,False,Beginner,85,curated,"Content creators who need fast, browser-based video editing with AI enhancements.","video, fast"
Topaz Video AI,topaz-video-ai,"Desktop AI video enhancement tool for upscaling, frame interpolation, and noise reduction of video footage.",AI video upscaling and enhancement for filmmakers,video-audio,https://topazlabs.com/topaz-video-ai,False,Intermediate,88,curated,Filmmakers and video professionals restoring or upscaling footage to 4K/8K.,"video, technical"
Krisp AI,krisp-ai,"AI noise-cancelling app that removes background noise, echo, and room reverberation from microphone and speaker audio in real time.",Real-time AI noise cancellation for calls,video-audio,https://krisp.ai,False,Beginner,90,curated,Remote workers and podcasters who work in noisy environments.,"audio, fast"
Cleanvoice AI,cleanvoice-ai,"AI audio editor that automatically removes filler words, stutters, mouth sounds, and dead air from podcast recordings.",AI filler word and noise removal for podcasts,video-audio,https://cleanvoice.ai,False,Beginner,83,curated,Podcasters who want clean audio without spending hours in manual editing.,"audio, fast"
Speechify,speechify,"AI text-to-speech reader that converts any text, PDF, or webpage into high-quality spoken audio for listening on the go.",AI text-to-speech reader for any content,productivity,https://speechify.com,False,Beginner,86,curated,"Busy professionals, students with dyslexia, and commuters who prefer listening.","audio, fast"
Play.ht,play-ht,"Ultra-realistic AI voice generator with 900+ voices, voice cloning, and podcast creation tools with conversational style.",Ultra-realistic AI voice cloning and generation,video-audio,https://play.ht,False,Beginner,85,curated,"Podcasters, app developers, and content creators needing diverse AI voices.",audio
Resemble AI,resemble-ai,"Enterprise voice AI platform for cloning voices, generating speech, and adding AI voice to production applications.",Enterprise AI voice cloning and speech synthesis,video-audio,https://resemble.ai,False,Intermediate,84,curated,Enterprises building voice-enabled applications and games.,"audio, technical"
Dora AI,dora-ai,"AI website builder that generates 3D animated, interactive websites from text prompts without any design or code skills.",AI 3D animated website builder from text,design,https://dora.run,False,Beginner,85,curated,"Founders and creators who want visually stunning, animated portfolio sites.","design, creative"
Webflow AI,webflow-ai,AI writing and content generation features inside Webflow for populating CMS collections and building pages faster.,AI content generation inside Webflow CMS,design,https://webflow.com,False,Intermediate,83,curated,Webflow designers and developers building content-heavy websites.,"design, coding"
Wix AI,wix-ai,"Wix's AI website builder that creates a complete website with pages, copy, and images from a business description.",AI website creation from a business description,design,https://wix.com/ai-website-builder,False,Beginner,81,curated,Small business owners wanting a website built in minutes without technical skills.,"design, fast"
Squarespace AI,squarespace-ai,Blueprint AI inside Squarespace that generates a website layout and copy personalized to your business type.,AI website layout and copy generator inside Squarespace,design,https://squarespace.com,False,Beginner,80,curated,"Creatives, freelancers, and small business owners building their first website.","design, fast"
Runway Gen-3 Alpha,runway-gen3,"Runway's latest video generation model with significantly improved coherence, motion quality, and visual fidelity.",Runway's most advanced video generation model,video-audio,https://runwayml.com,False,Intermediate,92,curated,Professional filmmakers wanting cutting-edge AI video generation.,"video, magic"
Haiper AI,haiper-ai,"Fast and affordable AI video generation platform with strong motion and realism, created by former Google DeepMind researchers.",Fast affordable AI video generation,video-audio,https://haiper.ai,False,Beginner,83,curated,Content creators who want quality AI video generation on a budget.,"video, fast"
Visme,visme,"AI-powered visual communication platform for creating presentations, infographics, reports, and data visualizations.",AI visual communication for presentations and infographics,design,https://visme.co,False,Beginner,83,curated,Marketing teams and educators needing data-rich visual presentations.,"design, data"
Piktochart,piktochart,AI infographic maker that transforms raw data and text into polished visual infographics and reports.,AI infographic and visual report maker,design,https://piktochart.com,False,Beginner,80,curated,Marketers and educators who need to visualize data as infographics.,"design, data"
Infogram,infogram,Data visualization and infographic tool with AI-powered chart recommendations and real-time data connections.,AI-powered data visualization and infographics,data-analytics,https://infogram.com,False,Beginner,79,curated,"Journalists, marketers, and analysts who need embeddable data visualizations.","data, design"
Vizcom,vizcom,AI rendering tool for industrial designers and engineers that turns rough sketches into photorealistic 3D product renders.,AI sketch to photorealistic product rendering,design,https://vizcom.ai,False,Intermediate,85,curated,Industrial designers and product engineers who want rapid concept visualization.,"design, technical"
Spline AI,spline-ai,Browser-based 3D design tool with AI-powered object generation and interactive 3D web experiences.,AI 3D design and interactive web experiences,design,https://spline.design,False,Intermediate,84,curated,Designers and developers creating interactive 3D elements for web interfaces.,"design, technical"
Leia Pix,leia-pix,AI tool that converts standard 2D photos into animated 3D depth videos for immersive visual content.,Convert 2D photos into 3D depth animations,image-generation,https://convert.leiapix.com,False,Beginner,80,curated,Photographers and content creators who want to give their photos depth and life.,"creative, magic"
Palette.fm,palette-fm,AI photo colorization tool that automatically adds historically accurate and aesthetically pleasing colors to black-and-white photos.,AI colorization for black and white photos,image-generation,https://palette.fm,False,Beginner,79,curated,Photography enthusiasts and historians restoring old black-and-white imagery.,"creative, magic"
Remove.bg,remove-bg,"Industry-standard one-click background remover for images, used by millions for e-commerce and design workflows.",One-click AI background removal for images,image-generation,https://remove.bg,False,Beginner,87,curated,E-commerce sellers and designers needing instant transparent backgrounds.,"e-commerce, fast"
Cleanup.pictures,cleanup-pictures,"AI object removal tool that magically erases any unwanted object, person, or text from photos with generative fill.",AI magic eraser for removing objects from photos,image-generation,https://cleanup.pictures,False,Beginner,83,curated,Photographers and real estate agents removing distracting elements from images.,"magic, fast"
Lensa AI,lensa-ai,AI photo editing app famous for its Magic Avatars feature that creates stylized AI portrait art from selfies.,AI photo app for stylized portrait avatars,image-generation,https://prisma-ai.com/lensa,False,Beginner,81,curated,"Consumers wanting personalized, stylized AI portrait art for social media.",creative
Remini,remini-ai,"AI photo enhancer that restores blurry, low-resolution, and damaged old photos to sharp, HD quality.",AI photo restoration and enhancement tool,image-generation,https://remini.ai,False,Beginner,83,curated,Anyone wanting to restore old family photos or improve low-quality images.,"magic, fast"
Topaz Photo AI,topaz-photo-ai,"Desktop AI photography suite combining upscaling, noise reduction, and sharpening to produce print-ready image quality.",AI photo enhancement suite for photographers,image-generation,https://topazlabs.com/topaz-photo-ai,False,Intermediate,89,curated,Professional photographers who want the highest quality image processing.,"technical, design"
Luminar Neo,luminar-neo,"AI photo editor with sky replacement, portrait enhancement, background removal, and GenErase powered by AI.",AI photo editing with sky replacement and portrait tools,image-generation,https://skylum.com/luminar-neo,False,Intermediate,85,curated,Hobbyist and professional photographers wanting powerful AI edits without Photoshop complexity.,"design, creative"
Lightroom AI,lightroom-ai,"Adobe Lightroom's AI-powered masking, Denoise, background removal, and generative content removal tools.",AI masking and enhancement tools inside Lightroom,image-generation,https://adobe.com/products/photoshop-lightroom,False,Intermediate,88,curated,Photographers using Lightroom who want AI to speed up their editing workflow.,"design, technical"
Clipdrop,clipdrop,"Suite of AI image tools by Stability AI including uncrop, relight, background removal, and image upscaling.",Suite of AI image editing tools by Stability AI,image-generation,https://clipdrop.co,False,Beginner,85,curated,Designers and content creators who need a versatile image editing toolkit.,"design, magic"
Adobe Photoshop AI,photoshop-ai,Adobe Photoshop's Generative Fill and Generative Expand features powered by Firefly for non-destructive AI editing.,Generative AI fill and expand inside Photoshop,image-generation,https://adobe.com/products/photoshop,False,Intermediate,92,core,Professional designers and photographers already working in Photoshop.,"design, magic"
Creatie,creatie-ai,"AI-native UI design tool with instant component generation, AI-powered design critic, and design system intelligence.",AI-native UI design tool with smart components,design,https://creatie.ai,False,Intermediate,82,curated,UI designers who want AI embedded throughout their entire design workflow.,"design, coding"
Galileo AI,galileo-ai,"AI UI design generator that produces editable, high-fidelity UI designs from text descriptions in seconds.",AI generates high-fidelity UI designs from text,design,https://galileo-ai.com,False,Beginner,83,curated,Product teams who want instant visual UI concepts from a text brief.,"design, fast"
Diagram,diagram-ai,Figma plugin suite with Genius for in-context design generation and AI-powered design tools built for Figma.,AI design generation plugins for Figma,design,https://diagram.com,False,Intermediate,82,curated,Figma power users who want AI generation deeply integrated into their canvas.,design
Attention,attention-ai,"AI sales assistant that listens to sales calls, fills CRM fields automatically, and generates personalized follow-up emails.",AI CRM filling and follow-up for sales calls,productivity,https://attention.com,False,Intermediate,83,curated,Account executives and sales managers who want CRM data without manual entry.,"workflow, marketing"
Gong,gong-ai,"Revenue intelligence platform using AI to analyze sales calls, track deal health, and coach reps on winning behaviors.",AI revenue intelligence for sales teams,data-analytics,https://gong.io,False,Advanced,89,core,Sales leaders who want data-driven coaching and deal risk assessment.,"data, smart"
Chorus.ai,chorus-ai,"ZoomInfo's AI conversation intelligence platform for recording, transcribing, and analyzing sales calls for coaching.",AI conversation intelligence for sales coaching,data-analytics,https://chorus.ai,False,Intermediate,83,curated,Sales teams who need structured call review and coaching workflows.,"data, conversational"
Coda AI,coda-ai,"AI features inside Coda docs for summarizing, generating tables, writing assistants, and automating document workflows.",AI writing and automation inside Coda docs,productivity,https://coda.io/ai,False,Intermediate,82,curated,Teams who use Coda as their central knowledge hub and want AI throughout.,"docs, workflow"
Craft AI,craft-ai,AI-enhanced note-taking and document app for Apple devices with smart writing assistance and document organization.,AI-powered notes and documents for Apple users,productivity,https://craft.do,False,Beginner,83,curated,Mac and iPad users who want a beautiful document creation experience with AI.,"docs, fast"
Reflect AI,reflect-ai,"AI note-taking app with bi-directional links, network graph, and AI assistant for connecting and synthesizing ideas.",AI networked note-taking and knowledge synthesis,productivity,https://reflect.app,False,Intermediate,82,curated,Knowledge workers and thinkers building a long-term second brain.,"docs, smart"
Roam Research,roam-research,Networked thought tool with bi-directional linking for building a personal knowledge graph and second brain.,Networked knowledge graph for connected thinking,productivity,https://roamresearch.com,False,Advanced,83,curated,"Academics, researchers, and writers who think in deeply interconnected ideas.","docs, technical"
Logseq,logseq,"Open-source, privacy-first outliner and knowledge base with local storage, graphs, and AI plugin support.",Open-source local-first knowledge graph,productivity,https://logseq.com,False,Advanced,83,curated,"Privacy-conscious knowledge workers who want a free, self-hosted second brain.","open-source, docs"
Obsidian AI,obsidian-ai,"Obsidian with AI plugins like Smart Connections enabling semantic search, AI chat, and note linking across your vault.",AI-powered local knowledge base with Obsidian plugins,productivity,https://obsidian.md,False,Advanced,86,curated,"Technical writers and researchers who want a locally-stored, highly customizable PKM.","open-source, docs, technical"
Airtable AI,airtable-ai,"AI features inside Airtable for generating field content, summarizing records, and creating automations with natural language.",AI content generation and automation in Airtable,productivity,https://airtable.com/ai,False,Intermediate,83,curated,Operations teams who use Airtable and want AI to speed up database management.,"workflow, data"
Hex AI,hex-ai,"AI data notebook that allows analysts to write SQL, Python, and visualizations from natural language prompts.",AI-powered collaborative data notebook,data-analytics,https://hex.tech,False,Intermediate,85,curated,"Data analysts and scientists who want AI assistance across SQL, Python, and charts.","data, coding"
Deepnote AI,deepnote-ai,"Collaborative data notebook with AI code generation, SQL assistance, and AI-powered cell suggestions for data work.",AI collaborative data science notebook,data-analytics,https://deepnote.com,False,Intermediate,83,curated,Data science teams who want collaborative notebooks with built-in AI assistance.,"data, coding"
Databricks AI,databricks-ai,"Enterprise lakehouse platform with AI/BI features, Unity Catalog, and DBRX open-source LLM for data engineering.",Enterprise AI and data lakehouse platform,data-analytics,https://databricks.com,False,Advanced,88,core,Enterprise data engineering and ML teams building large-scale data pipelines.,"data, technical"
Snowflake Cortex,snowflake-cortex,Snowflake's AI features for running LLMs directly on data inside the data cloud without moving data out.,AI inference on data inside Snowflake,data-analytics,https://snowflake.com/en/data-cloud/cortex,False,Advanced,84,curated,Data engineers who want to run AI on their Snowflake data without exporting it.,"data, technical"
Glean,glean-ai,"Enterprise AI search and knowledge discovery platform connecting Slack, Drive, Confluence, and 100+ work apps.",AI enterprise search across all work apps,productivity,https://glean.com,False,Intermediate,85,curated,Enterprise teams who waste time searching across fragmented knowledge silos.,"workflow, smart"
Guru,guru-ai,AI knowledge management platform with a browser extension that surfaces company knowledge inline wherever you work.,AI company knowledge base that surfaces inline,productivity,https://getguru.com,False,Intermediate,82,curated,Customer support and sales teams who need instant access to company knowledge.,"workflow, docs"
Dashworks,dashworks-ai,AI work assistant that searches across all your company apps to answer questions from your organizational knowledge.,AI work assistant that knows your company's data,productivity,https://dashworks.ai,False,Intermediate,80,curated,Teams who want an internal AI that knows everything about their organization.,"workflow, smart"
Coze,coze-ai,"ByteDance's AI bot building platform for creating custom chatbots with plugins, knowledge bases, and multi-agent workflows.",No-code AI chatbot builder by ByteDance,code-dev,https://coze.com,False,Intermediate,82,curated,"Developers and creators building custom AI bots for Telegram, Discord, and web.","coding, workflow"
Botpress,botpress,Open-source AI chatbot development platform for building enterprise-grade conversational AI agents and flows.,Open-source enterprise AI chatbot platform,code-dev,https://botpress.com,False,Advanced,83,curated,"Developers and enterprises building scalable, production-ready chatbots.","open-source, coding, technical"
Voiceflow,voiceflow,Visual design tool for building and deploying AI voice and chat agents for customer-facing applications.,Visual AI voice and chat agent builder,code-dev,https://voiceflow.com,False,Intermediate,84,curated,Conversational AI designers and product managers building voice or chat experiences.,"conversational, technical"
Steamship,steamship,Managed backend infrastructure for deploying LLM-powered bots and AI agents with persistent memory and tool use.,Managed backend for AI agents and bots,code-dev,https://steamship.com,False,Advanced,79,curated,AI developers who want managed infra for deploying production AI agents.,"technical, coding"
Vertex AI,vertex-ai,"Google Cloud's end-to-end ML platform for training, deploying, and managing models including Gemini API access.",Google Cloud's end-to-end AI/ML platform,code-dev,https://cloud.google.com/vertex-ai,False,Advanced,86,core,Enterprise AI teams building and scaling ML models on Google Cloud.,"technical, data"
AWS Bedrock,aws-bedrock,"AWS managed service for accessing foundation models from Anthropic, Cohere, Meta, and others via a unified API.",AWS managed access to leading foundation models,code-dev,https://aws.amazon.com/bedrock,False,Advanced,85,core,AWS-native teams building AI applications with enterprise security and compliance.,"technical, coding"
Azure OpenAI,azure-openai,"Microsoft Azure's managed OpenAI API service with enterprise security, private networking, and compliance controls.",Enterprise OpenAI API with Azure security,code-dev,https://azure.microsoft.com/en-us/products/ai-services/openai-service,False,Advanced,86,core,Enterprise Microsoft customers needing OpenAI models with compliance guarantees.,"technical, coding"
Vercel AI SDK,vercel-ai-sdk,Open-source TypeScript library for building AI-powered web applications with streaming UI and model provider abstraction.,TypeScript SDK for AI-powered web apps,code-dev,https://sdk.vercel.ai,False,Advanced,85,curated,Frontend and full-stack developers building AI-native web applications with React.,"open-source, coding, technical"
Lmstudio,lmstudio,"Desktop app for downloading, running, and chatting with open-source LLMs locally without internet or cloud costs.",Run local LLMs on your desktop with a clean UI,code-dev,https://lmstudio.ai,False,Intermediate,87,curated,Developers and enthusiasts who want to experiment with local LLMs privately.,"open-source, technical"
Ollama,ollama,"Simple CLI and API for running open-source LLMs like Llama 3, Mistral, and Phi locally on Mac, Linux, and Windows.",Run open-source LLMs locally with a simple CLI,code-dev,https://ollama.ai,False,Intermediate,89,curated,Developers who want to run and integrate local LLMs into their applications.,"open-source, technical, coding"
Promptbase,promptbase,"Marketplace for buying and selling high-quality prompts for Midjourney, ChatGPT, Stable Diffusion, and other AI tools.",Marketplace for buying and selling AI prompts,research,https://promptbase.com,False,Beginner,75,curated,Creators who want ready-made expert prompts or who want to monetize their prompting skills.,creative
PromptLayer,promptlayer,"LLM observability and prompt management platform for logging, tracking, and versioning prompts in production.",Prompt management and LLM observability platform,code-dev,https://promptlayer.com,False,Advanced,80,curated,AI engineers who need structured prompt versioning and production monitoring.,"technical, coding"
Brainlox,brainlox,AI tutoring platform for coding education with interactive programming courses and AI-assisted learning paths.,AI-powered coding tutoring and courses,research,https://brainlox.com,False,Beginner,75,curated,Beginner programmers who want AI-guided coding education.,"academic, coding"
Explainpaper,explainpaper,"Upload any research paper and ask AI to explain complex concepts, jargon, and findings in plain English.",AI explanations for complex research papers,research,https://explainpaper.com,False,Beginner,79,curated,Students and non-specialists trying to understand technical academic papers.,"academic, smart"
SciSpace,scispace,"AI research tool to search papers, get explanations of research concepts, and generate literature review summaries.",AI literature search and research paper explainer,research,https://typeset.io,False,Beginner,83,curated,"Academics, grad students, and curious minds navigating scientific research.","academic, smart"
Lumosity AI,lumosity,Cognitive training app with AI-adapted brain games that personalize difficulty based on performance patterns.,AI-personalized brain training and cognitive games,productivity,https://lumosity.com,False,Beginner,76,curated,"Individuals looking to improve memory, attention, and cognitive flexibility.",smart
